album,track_number,id,name,uri,key,mode,danceability,energy,loudness,tempo,valence,popularity
Joy Kick! Tears,1,7tRPWw5cZWAdO5riPwCVb3,Majisuka Rock N' Roll,spotify:track:7tRPWw5cZWAdO5riPwCVb3,8,1,0.502,0.991,-2.983,142.048,0.84,32
Joy Kick! Tears,2,3HxoJguWFd6D4LWF5jzVmE,Teacher Teacher,spotify:track:3HxoJguWFd6D4LWF5jzVmE,10,1,0.686,0.948,-3.435,129.957,0.767,35
Joy Kick! Tears,3,7sai84Cj9TN7gYLlRWRwQQ,Kalender Yang Dipercepat - Hayaokuri Calendar,spotify:track:7sai84Cj9TN7gYLlRWRwQQ,4,1,0.411,0.906,-2.878,179.955,0.702,34
Joy Kick! Tears,4,13oaV7tD9TVHoOdIRBhc4w,Fajar Sang Idola - Idol No Yoake,spotify:track:13oaV7tD9TVHoOdIRBhc4w,11,1,0.635,0.884,-2.944,124.033,0.715,33
Joy Kick! Tears,5,10uNiSxVXijceTffGej9Dk,Back Hip Circle - Saka Agari,spotify:track:10uNiSxVXijceTffGej9Dk,7,1,0.539,0.897,-3.818,123.957,0.605,33
Joy Kick! Tears,6,5n5Wto3wvc4Yg4xebxO3Mq,Tunas Di Balik Seragam - Seifuku No Me,spotify:track:5n5Wto3wvc4Yg4xebxO3Mq,11,0,0.421,0.983,-2.787,173.991,0.603,33
Joy Kick! Tears,7,3iaL0HtrrRu9LmYmIbYUB0,Kereta Kedewasaan - Otona Ressha,spotify:track:3iaL0HtrrRu9LmYmIbYUB0,8,1,0.444,0.978,-2.588,147.956,0.326,36
Joy Kick! Tears,8,2VM68adZOMrmDf7HJh7wkc,"Bersama Kamu, Pelangi Dan Mentari - Kimi To Niji To Taiyou To",spotify:track:2VM68adZOMrmDf7HJh7wkc,8,1,0.379,0.974,-2.426,162.92,0.649,39
B.E.L.I.E.V.E,1,3sQaBImqLeK8L4GFiQWzUl,Karena Kau Ada Untuk Diriku - Anata ga Ite Kureta Kara,spotify:track:3sQaBImqLeK8L4GFiQWzUl,0,1,0.527,0.686,-5.669,141.908,0.473,31
B.E.L.I.E.V.E,2,6geJN9KVRrXVeHZl0yQqLd,Gonna Jump,spotify:track:6geJN9KVRrXVeHZl0yQqLd,4,1,0.409,0.862,-3.562,180.114,0.588,29
B.E.L.I.E.V.E,3,7F1ZdIPrwLZSq3itbs0lsI,Adrenalin Masa Puber - Shishunki no Adrenaline,spotify:track:7F1ZdIPrwLZSq3itbs0lsI,11,0,0.5,0.819,-5.671,164.0,0.75,20
B.E.L.I.E.V.E,4,7kltYcL98SxjDvjuLZfNHP,Salah Dengar Rock - Soramimi Rock,spotify:track:7kltYcL98SxjDvjuLZfNHP,0,1,0.562,0.873,-4.461,97.53,0.544,30
B.E.L.I.E.V.E,5,6lZR2OLVo2nIPni1NSh4vx,Waiting Room,spotify:track:6lZR2OLVo2nIPni1NSh4vx,0,1,0.54,0.811,-5.049,150.048,0.717,22
B.E.L.I.E.V.E,6,2NkHtHJSMUuY2ZsxmRNMTy,Di Tempat Yang Jauh pun - Tooku Ni Itemo,spotify:track:2NkHtHJSMUuY2ZsxmRNMTy,2,1,0.61,0.363,-7.96,136.105,0.363,31
B.E.L.I.E.V.E,7,4kPEk3ienNJ02lTlvtCL5Q,Bel Sekolah Adalah Love Song - Chime wa Love Song,spotify:track:4kPEk3ienNJ02lTlvtCL5Q,7,1,0.446,0.882,-5.376,175.035,0.586,32
B.E.L.I.E.V.E,8,3bNveOxxboAilqY4i706w1,Mammoth,spotify:track:3bNveOxxboAilqY4i706w1,8,0,0.667,0.862,-6.731,115.91,0.796,20
B.E.L.I.E.V.E,9,4o2Jw5e1EPkprQUesHN8cU,Kapasitas Ikan Migrasi - Kaiyuugyou no Capacity,spotify:track:4o2Jw5e1EPkprQUesHN8cU,0,0,0.604,0.873,-5.36,142.007,0.686,21
B.E.L.I.E.V.E,10,2KRmeaNVuCDzF718ApmNhl,Sekarang Sedang Jatuh Cinta - Tadaima Renaichuu,spotify:track:2KRmeaNVuCDzF718ApmNhl,6,1,0.598,0.94,-5.506,165.971,0.914,22
B.E.L.I.E.V.E,11,5OD11BaxH5fxJwOpqjwrB8,Love Chase,spotify:track:5OD11BaxH5fxJwOpqjwrB8,3,0,0.48,0.803,-7.0,176.023,0.493,18
B.E.L.I.E.V.E,12,3WH3u5XrprpwHC1v5oxXYJ,Luar Biasa - Saikou Kayo,spotify:track:3WH3u5XrprpwHC1v5oxXYJ,4,1,0.405,0.951,-4.001,180.03,0.442,25
B.E.L.I.E.V.E,13,5NC7RB1WVyZsyRZUlZr7WQ,Hanya Lihat Ke Depan - Mae Shika Mukanee,spotify:track:5NC7RB1WVyZsyRZUlZr7WQ,0,1,0.608,0.763,-5.611,107.525,0.751,32
Mahagita - Kamikyokutachi,1,7nxYbf6VSOgmFij1qUocNs,365 Nichi No Kamihikouki - Pesawat Kertas 365 Hari,spotify:track:7nxYbf6VSOgmFij1qUocNs,7,1,0.57,0.801,-3.938,106.042,0.504,35
Mahagita - Kamikyokutachi,2,7IiIgdIqw3VowMiMcLF5wI,Sakurairo No Sora No Shita De - Dibawah Langit Berwarna Sakura,spotify:track:7IiIgdIqw3VowMiMcLF5wI,4,0,0.538,0.619,-5.294,163.971,0.64,25
Mahagita - Kamikyokutachi,3,5UEK5Kps66jX1DpeSydmbN,River,spotify:track:5UEK5Kps66jX1DpeSydmbN,7,1,0.658,0.886,-2.464,106.502,0.652,40
Mahagita - Kamikyokutachi,4,0OJIIw8NiKaomNKd7BCJPZ,Fortune Cookie Yang Mencinta,spotify:track:0OJIIw8NiKaomNKd7BCJPZ,2,1,0.713,0.962,-2.796,122.017,0.784,44
Mahagita - Kamikyokutachi,5,72HzXd4kZUGpVwkKMX8xRp,Refrain Penuh Harapan,spotify:track:72HzXd4kZUGpVwkKMX8xRp,4,1,0.465,0.934,-2.812,161.072,0.502,34
Mahagita - Kamikyokutachi,6,2kbeVQv4BM9FD7F3vmtzZO,"Maafkan, Summer",spotify:track:2kbeVQv4BM9FD7F3vmtzZO,7,1,0.506,0.929,-3.023,148.03,0.6,31
Mahagita - Kamikyokutachi,7,4JMV9PsclsFDTh4qEL6801,First Rabbit,spotify:track:4JMV9PsclsFDTh4qEL6801,8,1,0.392,0.919,-4.294,167.997,0.435,36
Mahagita - Kamikyokutachi,8,7cKvZDPk8BvZAiQLZMwvNF,Hikoukigumo - Jejak Awan Pesawat,spotify:track:7cKvZDPk8BvZAiQLZMwvNF,5,1,0.495,0.908,-1.894,146.008,0.605,29
Mahagita - Kamikyokutachi,9,6dxEfxEFWE95EhEjyxB9cQ,Shoujotachiyo - Gadis Remaja,spotify:track:6dxEfxEFWE95EhEjyxB9cQ,5,1,0.481,0.957,-3.03,158.019,0.784,28
Mahagita - Kamikyokutachi,10,5K3LEOFHYXxmAk1ZeUISiK,Shonichi - Hari Pertama,spotify:track:5K3LEOFHYXxmAk1ZeUISiK,6,1,0.551,0.925,-3.009,147.991,0.651,30
Mahagita - Kamikyokutachi,11,7GR5a8XOgdkFv4XUPYCQ5B,Only Today,spotify:track:7GR5a8XOgdkFv4XUPYCQ5B,4,1,0.562,0.918,-2.727,82.034,0.697,39
Mahagita - Kamikyokutachi,12,14Sw7KxK53AvJ3BEU6qtdz,1!2!3!4! Yoroshiku!,spotify:track:14Sw7KxK53AvJ3BEU6qtdz,2,1,0.661,0.97,-2.397,137.023,0.486,26
Mahagita - Kamikyokutachi,13,05XOYjSvcc6hny3m86lE5R,Iiwake Maybe - Alasanku Maybe,spotify:track:05XOYjSvcc6hny3m86lE5R,7,1,0.416,0.973,-2.47,160.012,0.304,27
Mahagita - Kamikyokutachi,14,1YQiSM1Iea2muIr5u53bvX,Seishun No Laptime - Laptime Masa Remaja,spotify:track:1YQiSM1Iea2muIr5u53bvX,0,1,0.413,0.946,-3.034,173.039,0.428,26
Mahagita - Kamikyokutachi,15,1mFEJj8zSXm6XkuTiUUcDD,Ame No Doubutsuen - Kebun Binatang Saat Hujan,spotify:track:1mFEJj8zSXm6XkuTiUUcDD,2,1,0.599,0.895,-3.55,99.999,0.709,26
Boku No Taiyou (Matahari Milikku),1,413nWFoRTS0Orgb75S2asT,Overture,spotify:track:413nWFoRTS0Orgb75S2asT,10,1,0.628,0.936,-4.08,134.884,0.465,17
Boku No Taiyou (Matahari Milikku),2,1vjBWmyaR3VgdMjQU0HzS8,Dreamin' Girls,spotify:track:1vjBWmyaR3VgdMjQU0HzS8,11,1,0.851,0.693,-6.139,128.038,0.966,21
Boku No Taiyou (Matahari Milikku),3,2SaX1OSDkYQQSuNlTU0dqc,RUN RUN RUN,spotify:track:2SaX1OSDkYQQSuNlTU0dqc,1,0,0.639,0.843,-4.527,149.931,0.624,29
Boku No Taiyou (Matahari Milikku),4,4zDfKhwV9qatkcjNYOkYXa,Mirai No Kajitsu - Buah Masa Depan,spotify:track:4zDfKhwV9qatkcjNYOkYXa,5,0,0.646,0.949,-4.429,126.091,0.593,23
Boku No Taiyou (Matahari Milikku),5,4e6hPXh5dmkdHmNr994g0c,Viva! Hurricane,spotify:track:4e6hPXh5dmkdHmNr994g0c,10,1,0.663,0.967,-3.732,132.035,0.547,21
Boku No Taiyou (Matahari Milikku),6,3mVNPzfCXSCSh7JIRqrw7t,Idol Nante Yobanaide - Jangan Panggil Diriku Idol,spotify:track:3mVNPzfCXSCSh7JIRqrw7t,5,0,0.545,0.867,-7.028,132.002,0.806,20
Boku No Taiyou (Matahari Milikku),7,6fc1Q867gaVVkEQ1rWdk9i,"Boku To Juliette To Jet Coaster - Aku, Juliette Dan Jet Coaster",spotify:track:6fc1Q867gaVVkEQ1rWdk9i,4,0,0.577,0.925,-7.524,155.04,0.921,20
Boku No Taiyou (Matahari Milikku),8,5BhZIIR7nmmWdOTMxtLeYd,Higurashi No Koi - Cinta Higurashi,spotify:track:5BhZIIR7nmmWdOTMxtLeYd,2,1,0.627,0.87,-6.657,99.995,0.781,28
Boku No Taiyou (Matahari Milikku),9,0bBvE3Ct9vatzJ2eMo4F5R,Itoshisa No Defense - Pertahanan Akan Cinta,spotify:track:0bBvE3Ct9vatzJ2eMo4F5R,10,0,0.587,0.704,-6.985,93.004,0.419,19
Boku No Taiyou (Matahari Milikku),10,0OKCowanREgTytzxNfIuCq,Himawari - Bunga Matahari,spotify:track:0OKCowanREgTytzxNfIuCq,10,1,0.604,0.894,-4.755,118.025,0.553,33
Boku No Taiyou (Matahari Milikku),11,6B2eVQ7pJXDBE4Lck8UkLN,Takeuchi Senpai - Kakak Kelasku,spotify:track:6B2eVQ7pJXDBE4Lck8UkLN,5,0,0.717,0.677,-5.633,138.02,0.55,20
Boku No Taiyou (Matahari Milikku),12,30suYyIAuRU7xqnwQO2DJw,Sonna Konna Wake De - Dengan Berbagai Alasan,spotify:track:30suYyIAuRU7xqnwQO2DJw,3,0,0.586,0.835,-3.898,147.021,0.725,18
Boku No Taiyou (Matahari Milikku),13,3MsX9LrtytfGJoteMxZv26,Deja vu,spotify:track:3MsX9LrtytfGJoteMxZv26,6,0,0.617,0.861,-5.537,137.51,0.644,18
Boku No Taiyou (Matahari Milikku),14,2bDJw0DgID7EKjsRePR2sz,Yuuhi Wo Miteiruka - Apakah Kau Melihat Mentari Senja?,spotify:track:2bDJw0DgID7EKjsRePR2sz,0,1,0.571,0.8,-6.785,91.978,0.427,26
Boku No Taiyou (Matahari Milikku),15,5AepZKXbU8UYlswwRZI5cP,Lay Down,spotify:track:5AepZKXbU8UYlswwRZI5cP,0,1,0.607,0.863,-5.407,120.002,0.746,18
Boku No Taiyou (Matahari Milikku),16,0LJzOJI5qUwja93b9KBuD9,BINGO!,spotify:track:0LJzOJI5qUwja93b9KBuD9,4,0,0.534,0.827,-5.021,149.998,0.589,32
Boku No Taiyou (Matahari Milikku),17,4iEO86GitxFgut3TSDbQaK,Boku No Taiyou - Matahari Milikku,spotify:track:4iEO86GitxFgut3TSDbQaK,0,1,0.511,0.902,-5.417,137.37,0.456,29
Boku No Taiyou (Matahari Milikku),3,63jnyRAqHphSJdsFclSiFb,Run Run Run,spotify:track:63jnyRAqHphSJdsFclSiFb,1,0,0.639,0.843,-4.527,149.931,0.624,5
Boku No Taiyou (Matahari Milikku),12,4KaUPtah2p8Kufp82SI36G,Deja Vu,spotify:track:4KaUPtah2p8Kufp82SI36G,6,0,0.617,0.861,-5.537,137.51,0.644,3
Boku No Taiyou (Matahari Milikku),15,2Xn5ohHDmFc5qu0PvN5SUD,Bingo!,spotify:track:2Xn5ohHDmFc5qu0PvN5SUD,4,0,0.534,0.827,-5.021,149.998,0.589,10
Renai Kinshi Jourei (Aturan Anti Cinta),2,5CTiUNBByJLsTMamOP5se3,Nagai Hikari - Cahaya Panjang,spotify:track:5CTiUNBByJLsTMamOP5se3,5,0,0.543,0.846,-6.863,140.013,0.362,30
Renai Kinshi Jourei (Aturan Anti Cinta),3,6T9uMBvgt4DARig98HzMOs,Squall No Aida Ni - Di Tengah Hujan Badai Tiba,spotify:track:6T9uMBvgt4DARig98HzMOs,1,0,0.522,0.854,-5.851,92.002,0.57,31
Renai Kinshi Jourei (Aturan Anti Cinta),4,7utw0EfBgKUu01BKozK92K,Jk Nemurihime - Gadis Sma Putri Tidur,spotify:track:7utw0EfBgKUu01BKozK92K,9,1,0.514,0.778,-6.264,149.975,0.613,20
Renai Kinshi Jourei (Aturan Anti Cinta),5,4cLfBC3HSEqCehV55ArzR3,Kimi Ni Au Tabi Koi Wo Suru - Jatuh Cinta Setiap Bertemu,spotify:track:4cLfBC3HSEqCehV55ArzR3,8,1,0.651,0.864,-4.717,140.033,0.754,23
Renai Kinshi Jourei (Aturan Anti Cinta),6,69TjdWtKR5xIaj49eMyuUl,Kuroi Tenshi - Malaikat Hitam,spotify:track:69TjdWtKR5xIaj49eMyuUl,3,0,0.56,0.797,-6.032,145.997,0.47,21
Renai Kinshi Jourei (Aturan Anti Cinta),7,2NIxEfzIOfRjnIuAhMz1iq,Heart Gata Virus - Virus Tipe Hati,spotify:track:2NIxEfzIOfRjnIuAhMz1iq,2,1,0.52,0.868,-6.707,163.131,0.855,30
Renai Kinshi Jourei (Aturan Anti Cinta),8,5VrNhex0lxQ38ban5RCREY,Renai Kinshi Jourei - Aturan Anti Cinta,spotify:track:5VrNhex0lxQ38ban5RCREY,1,0,0.618,0.941,-6.309,116.007,0.902,22
Renai Kinshi Jourei (Aturan Anti Cinta),9,6xnyutrWTNTp4TtK5tv876,Tsundere!,spotify:track:6xnyutrWTNTp4TtK5tv876,4,0,0.538,0.919,-5.153,153.977,0.715,21
Renai Kinshi Jourei (Aturan Anti Cinta),10,58dI0Ug0vKXlD6tChyF0Z1,Manatsu No Christmas Rose - Mawar Natal Musim Panas,spotify:track:58dI0Ug0vKXlD6tChyF0Z1,7,1,0.586,0.807,-5.703,139.981,0.828,21
Renai Kinshi Jourei (Aturan Anti Cinta),11,6QUkRsEuTyjxRNSmUAkSEX,Switch,spotify:track:6QUkRsEuTyjxRNSmUAkSEX,9,0,0.61,0.761,-7.625,133.009,0.571,18
Renai Kinshi Jourei (Aturan Anti Cinta),12,0oAaDH8YmcOElSYATrrTZT,109 - Marukyuu,spotify:track:0oAaDH8YmcOElSYATrrTZT,8,0,0.511,0.807,-5.324,156.076,0.747,20
Renai Kinshi Jourei (Aturan Anti Cinta),14,49DTSQGK0BiNkcustpM3C5,Ano Koro No Sneakers - Sneakers Waktu Itu,spotify:track:49DTSQGK0BiNkcustpM3C5,7,1,0.547,0.62,-6.617,105.012,0.525,20
Renai Kinshi Jourei (Aturan Anti Cinta),15,3vVDOvVqTbP8jc2Oi1P6T6,JKT Sanjou! - JKT Datang!,spotify:track:3vVDOvVqTbP8jc2Oi1P6T6,6,1,0.426,0.925,-4.824,160.145,0.756,23
Renai Kinshi Jourei (Aturan Anti Cinta),16,3wKNeLEhGvTHDy36LIKt3b,Namida No Shinkokyuu - Napas Dalam Air Mata,spotify:track:3wKNeLEhGvTHDy36LIKt3b,3,0,0.513,0.866,-5.923,134.974,0.646,18
Renai Kinshi Jourei (Aturan Anti Cinta),17,0rllNtGAbhbAYW4IwVBM0k,Oogoe Diamond - Teriakan Berlian,spotify:track:0rllNtGAbhbAYW4IwVBM0k,2,1,0.466,0.842,-5.946,174.116,0.574,25
Heavy Rotation,1,3gjb1SF08EqpHc127ipBnm,Heavy Rotation,spotify:track:3gjb1SF08EqpHc127ipBnm,1,0,0.396,0.907,-1.101,178.04,0.33,44
Heavy Rotation,2,5J0jM6hk7O6jJhPVSnu2fm,Kimi No Koto Ga Suki Dakara (Karena Kusuka Dirimu),spotify:track:5J0jM6hk7O6jJhPVSnu2fm,6,0,0.425,0.931,-4.08,158.063,0.689,42
Heavy Rotation,3,2OGfXtmR8QmEWzSzlwbEEj,Ponytail To Chou-Chou (Ponytail Dan Shu-Shu),spotify:track:2OGfXtmR8QmEWzSzlwbEEj,6,1,0.432,0.902,-4.772,159.955,0.6,36
Heavy Rotation,4,1djYcxoT9BBMLkrBqIX2Ls,Baby!Baby!Baby!,spotify:track:1djYcxoT9BBMLkrBqIX2Ls,4,0,0.674,0.956,-3.392,122.992,0.961,40
Heavy Rotation,5,2BGjW2LKDNwbpE1rN7pzpM,Shonichi (Hari Pertama),spotify:track:2BGjW2LKDNwbpE1rN7pzpM,11,0,0.609,0.943,-1.775,148.023,0.721,38
Heavy Rotation,6,2zpWH278SxqZ38mc8WHy2p,Washoi J!,spotify:track:2zpWH278SxqZ38mc8WHy2p,8,1,0.776,0.954,-1.702,125.097,0.738,26
Heavy Rotation,7,05hccLGVyxzukOSizYtMZy,Oogoe Diamond (Teriakan Diamond),spotify:track:05hccLGVyxzukOSizYtMZy,2,1,0.517,0.971,-0.153,174.132,0.566,31
Heavy Rotation,8,6XXw5wdCNAJC4k2SEz3Tq6,"Gomenne, Summer (Maafkan, Summer)",spotify:track:6XXw5wdCNAJC4k2SEz3Tq6,7,1,0.564,0.961,-0.157,147.951,0.54,36
Heavy Rotation,9,1vExBgPKKzdcHbMJfSbUZJ,Namida Surprise! (Air Mata Surprise!),spotify:track:1vExBgPKKzdcHbMJfSbUZJ,1,1,0.691,0.977,-1.399,136.851,0.737,25
Heavy Rotation,10,5Z9bfC0L0vtFgdKGBbQjgl,Hikoukigumo (Jejak Awan Pesawat),spotify:track:5Z9bfC0L0vtFgdKGBbQjgl,5,1,0.543,0.941,-2.544,145.953,0.757,27
Jkt48 - 5TH Sousenkyo Special Unit,1,4W4Fa04YcWKxJKahlD298p,Pundak Kanan - Migikata (Cindy Yuvia),spotify:track:4W4Fa04YcWKxJKahlD298p,7,1,0.454,0.744,-5.394,78.77,0.394,31
Jkt48 - 5TH Sousenkyo Special Unit,2,7KGIZO3jPZbBq0bePaL5B2,Bukan Alpukat... - Avogado Janeeshi (Shani Indira Natio & Shania Gracia),spotify:track:7KGIZO3jPZbBq0bePaL5B2,8,1,0.48,0.967,-2.496,170.001,0.828,30
Jkt48 - 5TH Sousenkyo Special Unit,3,4HlCxTgxZXEVqVuOoMMTqp,"Relax! - (Sinka Juliani, Ratu Vienny Fitrilya & Natalia)",spotify:track:4HlCxTgxZXEVqVuOoMMTqp,4,1,0.672,0.794,-2.422,124.015,0.878,25
Jkt48 - 5TH Sousenkyo Special Unit,4,6HCghXR65DNGh7APJyjMjL,Bukan Salah Air Mata - Namida No Sei Janai,spotify:track:6HCghXR65DNGh7APJyjMjL,8,1,0.606,0.501,-5.44,119.94,0.161,25
High Tension,1,7tFHwCNYlioOskZSCePjzr,High Tension,spotify:track:7tFHwCNYlioOskZSCePjzr,6,0,0.65,0.991,-2.624,129.968,0.88,34
High Tension,2,2miGWwjlb5mNsFEpLC3v7g,Musim Yang Selanjutnya - Tsugi no Season,spotify:track:2miGWwjlb5mNsFEpLC3v7g,1,1,0.426,0.959,-3.045,195.044,0.756,39
High Tension,3,7qxVDFfsbjtiAfGtPxNxpS,After Rain,spotify:track:7qxVDFfsbjtiAfGtPxNxpS,6,0,0.345,0.938,-2.162,179.802,0.697,31
High Tension,4,4HYWrdQcQRrfyvuAMHTxfh,Kesucian Hati Hingga Umur 19 Tahun - Junjou U-19,spotify:track:4HYWrdQcQRrfyvuAMHTxfh,2,0,0.587,0.996,-2.95,138.0,0.654,23
High Tension,5,0chAzkiKUZwJEUsA1sqS58,Kenyataan Yang Ternoda - Kegarete iru Shinjitsu,spotify:track:0chAzkiKUZwJEUsA1sqS58,2,0,0.572,0.953,-3.832,134.98,0.635,30
"Everyday, Kachuusha",1,6ML1tIr0R2GgPkgzOy8S5N,"Everyday, Kachuusha",spotify:track:6ML1tIr0R2GgPkgzOy8S5N,7,0,0.391,0.953,-2.601,172.35,0.407,41
"Everyday, Kachuusha",2,3LUgtwRr3OE8Kx7N1kWiFo,Sekarang Para Para - Imapara,spotify:track:3LUgtwRr3OE8Kx7N1kWiFo,4,0,0.592,0.951,-2.618,153.016,0.582,17
"Everyday, Kachuusha",3,5QSuvjCamLax5LEUWSVaJS,Wahai Kesatria - Tsuyokimono Yo,spotify:track:5QSuvjCamLax5LEUWSVaJS,1,0,0.58,0.947,-2.081,135.024,0.77,18
"Everyday, Kachuusha",4,531sUqeCYJuPJYOwjWzFk5,Seesaw Game Penuh Air Mata - Namida no Seesaw Game,spotify:track:531sUqeCYJuPJYOwjWzFk5,2,1,0.694,0.911,-2.292,106.984,0.81,32
UZA,1,5ulhOXEwxoPvprs2EEvWcA,UZA,spotify:track:5ulhOXEwxoPvprs2EEvWcA,5,0,0.575,0.963,-2.965,131.406,0.366,30
UZA,2,4xHw9fF89CrpUzM8sCii6T,Sekarang Para-Para Imapara,spotify:track:4xHw9fF89CrpUzM8sCii6T,4,0,0.592,0.951,-2.618,153.016,0.582,13
UZA,4,5H8Y4mmFpxDvQ0qZsQeFpp,Seesaw Game Penuh Air Mata - Namida No Seesaw Game,spotify:track:5H8Y4mmFpxDvQ0qZsQeFpp,2,1,0.694,0.911,-2.292,106.984,0.81,18
Dirimu Melody - Kimi Wa Melody,1,1KPwQG6tNiN0mEbB1Mwj7r,Dirimu Melody - Kimi Wa Melody,spotify:track:1KPwQG6tNiN0mEbB1Mwj7r,8,1,0.628,0.816,-10.377,135.005,0.664,35
Dirimu Melody - Kimi Wa Melody,2,7av8zZOWo5R7dBuAsFdwgq,Kita Pernah Di Sini - Koko Ni Itakoto,spotify:track:7av8zZOWo5R7dBuAsFdwgq,0,1,0.425,0.198,-11.8,74.877,0.19,20
Dirimu Melody - Kimi Wa Melody,3,089USqanwY10Std2CthFsu,Sebagian Besar Kenangan - Omoide No Hotondo,spotify:track:089USqanwY10Std2CthFsu,8,1,0.616,0.218,-11.345,145.987,0.274,22
"Kesimpulan Yang Sedikit Membuatku Malu Setelah Beberapa Hari Berpikir Akan Berubah Seperti Apakah Hubungan Kita Jika Di Jalan Penuh Pohon Rindang Kukatakan ""Indahnya Senyum Manismu Dalam Mimpiku"" (Suzukake Nancharaa)",1,0mgpQIG5EbeDBC52TbBAy0,Indahnya Senyum Manismu DST. (Suzukake Nancharaa),spotify:track:0mgpQIG5EbeDBC52TbBAy0,0,1,0.501,0.863,-5.088,90.02,0.524,33
"Kesimpulan Yang Sedikit Membuatku Malu Setelah Beberapa Hari Berpikir Akan Berubah Seperti Apakah Hubungan Kita Jika Di Jalan Penuh Pohon Rindang Kukatakan ""Indahnya Senyum Manismu Dalam Mimpiku"" (Suzukake Nancharaa)",2,6IVKBm5Kci3qFPEtZqt3P0,Sedikit Saja I Love You! (Hikaeme I Love You!),spotify:track:6IVKBm5Kci3qFPEtZqt3P0,9,1,0.586,0.944,-4.686,140.003,0.806,24
"Kesimpulan Yang Sedikit Membuatku Malu Setelah Beberapa Hari Berpikir Akan Berubah Seperti Apakah Hubungan Kita Jika Di Jalan Penuh Pohon Rindang Kukatakan ""Indahnya Senyum Manismu Dalam Mimpiku"" (Suzukake Nancharaa)",3,3sv1YcNuqxaMm45hvhuVo7,Cowok Durian (Durian Shounen),spotify:track:3sv1YcNuqxaMm45hvhuVo7,5,1,0.551,0.995,-4.623,145.976,0.452,20
"Kesimpulan Yang Sedikit Membuatku Malu Setelah Beberapa Hari Berpikir Akan Berubah Seperti Apakah Hubungan Kita Jika Di Jalan Penuh Pohon Rindang Kukatakan ""Indahnya Senyum Manismu Dalam Mimpiku"" (Suzukake Nancharaa)",4,1XkohtRJDaxGEI7xIXPN0S,Kamonegix,spotify:track:1XkohtRJDaxGEI7xIXPN0S,10,0,0.59,0.935,-6.551,136.993,0.812,19
"Kesimpulan Yang Sedikit Membuatku Malu Setelah Beberapa Hari Berpikir Akan Berubah Seperti Apakah Hubungan Kita Jika Di Jalan Penuh Pohon Rindang Kukatakan ""Indahnya Senyum Manismu Dalam Mimpiku"" (Suzukake Nancharaa)",5,4FRybSUqVyrQL191IWZK18,Aishiteraburu,spotify:track:4FRybSUqVyrQL191IWZK18,0,1,0.542,0.938,-5.372,168.154,0.505,18
"Kesimpulan Yang Sedikit Membuatku Malu Setelah Beberapa Hari Berpikir Akan Berubah Seperti Apakah Hubungan Kita Jika Di Jalan Penuh Pohon Rindang Kukatakan ""Indahnya Senyum Manismu Dalam Mimpiku"" (Suzukake Nancharaa)",6,40t8TvOX9nwlTvBYRhOFij,Indahnya Senyum Manismu DST. (Suzukake Nancharaa) (English Version),spotify:track:40t8TvOX9nwlTvBYRhOFij,0,1,0.406,0.897,-4.908,179.951,0.6,16
So Long!,1,0YgVOP5fKb3Ov0We35JvQu,So Long!,spotify:track:0YgVOP5fKb3Ov0We35JvQu,10,1,0.596,0.65,-5.829,92.004,0.68,30
So Long!,2,46LxDL0tbCJ8M0guz4Zglk,"Di Sini Rhodes, Lompatlah! (Koko Ga Rhodes Da, Koko De Tobe!)",spotify:track:46LxDL0tbCJ8M0guz4Zglk,0,1,0.452,0.853,-4.887,153.984,0.44,18
So Long!,3,34VealxgoP2bd5NGFDtAcK,Virginity,spotify:track:34VealxgoP2bd5NGFDtAcK,2,1,0.511,0.949,-3.721,165.023,0.741,14
So Long!,4,1BRRGc72diTcgvtXlWYN6e,Birth,spotify:track:1BRRGc72diTcgvtXlWYN6e,10,0,0.5,0.911,-4.522,179.992,0.461,15
So Long!,5,2kCmhPzj8h8AoHyuXtjEVN,Cinta Pertama Butterfly (Hatsukoi Butterfly),spotify:track:2kCmhPzj8h8AoHyuXtjEVN,0,1,0.483,0.97,-4.477,165.902,0.434,18
So Long!,6,7IHkVpSXAYQG8lwPs2m8Db,So Long! (English Version),spotify:track:7IHkVpSXAYQG8lwPs2m8Db,10,1,0.598,0.673,-5.268,91.999,0.608,15
Luar Biasa (Saikou Kayo),1,70GdthmVBal2owALgLUhWh,Luar Biasa (Saikou Kayo),spotify:track:70GdthmVBal2owALgLUhWh,4,1,0.405,0.915,-5.503,180.061,0.405,32
Luar Biasa (Saikou Kayo),2,6VLarPcBQqPRXasnB614Dl,Sungai Impian (Yume No Kawa),spotify:track:6VLarPcBQqPRXasnB614Dl,6,1,0.579,0.459,-8.763,78.997,0.283,23
Luar Biasa (Saikou Kayo),3,1zxErtflnLI2D8PPNcKXAS,Ha!,spotify:track:1zxErtflnLI2D8PPNcKXAS,0,1,0.461,0.822,-7.274,160.105,0.474,15
Luar Biasa (Saikou Kayo),4,69hRVCxBqidXJ9IAuDzsjq,Scrap and Build,spotify:track:69hRVCxBqidXJ9IAuDzsjq,7,1,0.44,0.939,-6.33,74.903,0.723,18
Luar Biasa (Saikou Kayo),5,1Sov3XZMvQuEH3bGrql4Ue,"Sakura Kita Makan Bersama (Sakura, Minna De Tabeta)",spotify:track:1Sov3XZMvQuEH3bGrql4Ue,9,1,0.534,0.885,-6.708,171.958,0.799,31
Luar Biasa (Saikou Kayo),6,4gOT3AGOq92SQQfZU0wRQK,Luar Biasa (Saikou Kayo) - English Version,spotify:track:4gOT3AGOq92SQQfZU0wRQK,6,0,0.403,0.952,-4.561,180.116,0.366,14
Christmas,1,3Zri8oXeZE1haJRtvKdRIE,We Wish You a Merry Christmas,spotify:track:3Zri8oXeZE1haJRtvKdRIE,5,1,0.516,0.59,-7.835,142.037,0.391,17
Christmas,2,4E9DfKcnUlU3xA92nXk185,Jingle Bells,spotify:track:4E9DfKcnUlU3xA92nXk185,4,1,0.735,0.699,-7.138,128.037,0.671,18
Love Trip,1,3lKR5NWwXKMM6lZJsEAS24,Love Trip,spotify:track:3lKR5NWwXKMM6lZJsEAS24,5,1,0.512,0.906,-4.276,74.979,0.75,22
Love Trip,2,5NYHqcpLKIiQY1nahhvJc8,Pioneer,spotify:track:5NYHqcpLKIiQY1nahhvJc8,3,0,0.469,0.979,-4.052,81.026,0.816,17
Love Trip,3,5ozUU1m6Kzbfp4IH9uj9A2,How Come?,spotify:track:5ozUU1m6Kzbfp4IH9uj9A2,11,0,0.686,0.945,-5.593,120.001,0.333,14
Love Trip,4,11yKp6NiAaIpzyQd52V7yr,Tetaplah Ada Di Langit Biru (Aozora No Soba Ni Ite),spotify:track:11yKp6NiAaIpzyQd52V7yr,6,1,0.49,0.731,-3.973,167.959,0.599,19
Love Trip,5,1YbuW4lx5XyQMHyN2Crzj7,Love Trip (English Version),spotify:track:1YbuW4lx5XyQMHyN2Crzj7,5,1,0.524,0.891,-4.399,150.042,0.785,13
Hanya Lihat Ke Depan (Mae Shika Mukanee),2,1kUH4dFssXWeDgznhhAs3s,Tidak Boleh Pelukan - Dakishimecha Ikenai,spotify:track:1kUH4dFssXWeDgznhhAs3s,2,1,0.489,0.884,-5.132,166.036,0.909,22
Hanya Lihat Ke Depan (Mae Shika Mukanee),3,78XZwf6pQRMdm2LQbsKobX,Cinta Tak Berbalas Finally - Kataomoi Finally,spotify:track:78XZwf6pQRMdm2LQbsKobX,6,0,0.611,0.944,-6.191,140.487,0.746,17
Hanya Lihat Ke Depan (Mae Shika Mukanee),4,4yFAiVYaEJ6gA7yzHyhVVb,Beloklah Ke Kanan - Migi He Magare,spotify:track:4yFAiVYaEJ6gA7yzHyhVVb,7,0,0.579,0.881,-5.281,147.91,0.536,12
Hanya Lihat Ke Depan (Mae Shika Mukanee),5,7z24Rohh4x1GppfA9NY8Sl,Larilah! Penguin - Hashire! Penguin,spotify:track:7z24Rohh4x1GppfA9NY8Sl,1,1,0.521,0.913,-5.681,157.99,0.745,19
Hanya Lihat Ke Depan (Mae Shika Mukanee),6,2HeAiS66DfzVXx6ZuT0Dgf,Always Looking Straight Ahead - English Version,spotify:track:2HeAiS66DfzVXx6ZuT0Dgf,0,1,0.6,0.858,-5.688,107.507,0.895,12
Refrain Penuh Harapan - Refrain Full Of Hope / Kibouteki Refrain,1,5sq3VAj0H8r3T0tmkEBdnl,Refrain Penuh Harapan - Refrain Full Of Hope / Kibouteki Refrain,spotify:track:5sq3VAj0H8r3T0tmkEBdnl,9,1,0.477,0.93,-2.453,161.047,0.542,24
Refrain Penuh Harapan - Refrain Full Of Hope / Kibouteki Refrain,2,57e0MH4T9b9lkAs7aEHsiy,Value Milikku Saja - Boku Dake No Value,spotify:track:57e0MH4T9b9lkAs7aEHsiy,5,1,0.507,0.95,-1.676,151.956,0.627,29
Refrain Penuh Harapan - Refrain Full Of Hope / Kibouteki Refrain,3,0BbhW96b8SG0wiNsp1kAJS,Dewi Theater - Theater No Megami,spotify:track:0BbhW96b8SG0wiNsp1kAJS,7,1,0.458,0.854,-2.7,151.978,0.588,19
Refrain Penuh Harapan - Refrain Full Of Hope / Kibouteki Refrain,4,4wPUxGzxwyuRgkFBx7jswH,Bel Terakhir Berbunyi - Saishuu Bell Ga Naru,spotify:track:4wPUxGzxwyuRgkFBx7jswH,11,1,0.513,0.908,-3.252,153.991,0.589,17
Refrain Penuh Harapan - Refrain Full Of Hope / Kibouteki Refrain,5,6qBygGPjbl7AA2oNeNLSl5,Sambil Menggandeng Erat Tanganku - Te Wo Tsunagi Nagara,spotify:track:6qBygGPjbl7AA2oNeNLSl5,5,1,0.447,0.915,-2.495,164.109,0.629,22
Refrain Penuh Harapan - Refrain Full Of Hope / Kibouteki Refrain,6,0GvvA38HsBO4swW9eE7YU6,Refrain Full Of Hope - Refrain Penuh Harapan / Kibouteki Refrain,spotify:track:0GvvA38HsBO4swW9eE7YU6,9,1,0.501,0.912,-3.036,161.047,0.553,14
